n_layer1;n_layer2;dropout_1;dropout_2;act;optim;n_batch;best_val_acc
128;256;0.30543815464061785;0.3685849187307607;swish;sgd;256;0.831
256;512;0.48850025868977437;0.41833334235579095;swish;rmsprop;64;0.8556
512;512;0.19749681333133445;0.48790925917284717;relu;adam;64;0.8814
256;256;0.05864877623022119;0.42221220495036493;relu;adam;128;0.8912
512;512;0.47663695683601787;0.06874772122693129;relu;rmsprop;128;0.8752
512;512;0.47621445387839695;0.14068954802036931;relu;sgd;256;0.866
512;128;0.35951860246769524;0.08078074540339897;relu;rmsprop;256;0.8663
256;256;0.15558215712484352;0.10335018012758562;relu;sgd;256;0.855
512;512;0.3935331875907188;0.262315585785946;leakyrelu;rmsprop;128;0.8715
256;128;0.1920326827682307;0.2071809982680866;swish;adam;64;0.888
512;512;0.09445412926280483;0.0005026407453514459;leakyrelu;adam;64;0.8661
128;128;0.06628078695650813;0.4728743661166381;swish;adam;256;0.8714
512;512;0.40854267231048247;0.2295881313917097;leakyrelu;adam;64;0.8642
128;256;0.321564022474104;0.35511546324589943;relu;rmsprop;128;0.8723
256;128;0.192025789974214;0.11162758792630445;swish;adam;128;0.8838
128;256;0.21104444989285742;0.45628105943107194;leakyrelu;adam;128;0.8669
256;256;0.3865244555500704;0.13195184400484827;relu;adam;128;0.8911
256;128;0.26921182424582785;0.38001616449955167;relu;rmsprop;256;0.8882
512;128;0.1705172337128903;0.3054281970902219;swish;rmsprop;128;0.8858
128;512;0.02122190901136195;0.27075464657505727;relu;adam;64;0.8862
256;256;0.4247488920557205;0.18661425826551412;relu;adam;128;0.8732
256;256;0.11168159852498472;0.030028198892050176;relu;adam;128;0.8894
256;256;0.2594897390608585;0.18306311342327825;relu;adam;128;0.8856
256;256;0.012327977304603548;0.15711297024135987;relu;sgd;128;0.8561
256;256;0.35572085948592425;0.3332580191194666;relu;adam;128;0.8837
256;256;0.44978744612757965;0.41810969268756315;relu;adam;128;0.8868
256;256;0.3003067223449033;0.29960801353303157;leakyrelu;adam;128;0.8811
256;256;0.04687725776703882;0.03809389534778285;relu;sgd;128;0.8707
256;256;0.3563301176064584;0.142218204635939;relu;adam;128;0.8974
256;256;0.3100677133263328;0.23984509420235195;relu;sgd;128;0.8718
128;256;0.2414693867543801;0.4180423768290987;swish;adam;128;0.8839
256;256;0.13052784491081054;0.3841598710362732;relu;adam;128;0.8936
256;256;0.13186174956514476;0.35691474536154866;leakyrelu;adam;64;0.8733
256;256;0.22977033124753202;0.307129642368305;relu;adam;256;0.8903
256;256;0.354315913639456;0.3878013660455583;relu;sgd;128;0.8604
128;256;0.2947036663178204;0.44153158505734647;swish;adam;128;0.8676
256;256;0.129117944963592;0.49838582753659877;relu;rmsprop;256;0.8799
256;512;0.4461157063737648;0.06577561156548599;relu;sgd;64;0.8801
512;128;0.08371656633511385;0.2791743639299187;relu;adam;128;0.8918
256;256;0.49472008485738084;0.22535298109828766;leakyrelu;adam;256;0.8735
256;512;0.15910025168497083;0.1612922878469901;relu;rmsprop;128;0.8889
512;256;0.3370143355814451;0.10143373696203437;swish;adam;64;0.8823
128;128;0.28064642062247036;0.33589237798562316;relu;sgd;128;0.86
256;512;0.2194664279292729;0.00113710076148818;leakyrelu;adam;256;0.8872
512;256;0.03462054473619067;0.39787667547793937;relu;rmsprop;64;0.8718
128;128;0.38271179212961937;0.20410708560578783;swish;adam;128;0.8802
256;256;0.17936673759707558;0.474888934284918;relu;adam;128;0.889
512;512;0.07888604343469025;0.12499566048359867;leakyrelu;rmsprop;256;0.8623
256;256;0.3296211866257104;0.07732288541156013;relu;adam;128;0.897
256;128;0.3308607292548406;0.07504452458886503;swish;sgd;64;0.842
128;256;0.47613279963177507;0.04691876778308895;relu;adam;128;0.8803
256;512;0.3982302661309852;0.014061518642574683;relu;adam;128;0.8873
512;256;0.43123759273008416;0.10045095220996164;leakyrelu;rmsprop;256;0.8707
256;128;0.46451129402765845;0.16113048027237997;relu;adam;128;0.8878
128;256;0.3744331006930032;0.0569848259549981;swish;adam;64;0.8903
256;256;0.4136818205516195;0.01866173597088401;relu;sgd;128;0.874
256;512;0.2855793006020697;0.14799450535329695;relu;adam;128;0.8922
512;256;0.2584473314733306;0.08669783099396287;leakyrelu;rmsprop;128;0.8662
256;128;0.36810246121373125;0.183373856336795;relu;adam;256;0.8934
256;256;0.3413292305402295;0.11628232847643244;swish;adam;128;0.884
128;256;0.311645334679841;0.20920451612769858;relu;sgd;64;0.8706
256;512;0.19583620735786328;0.25463866508037486;relu;adam;128;0.892
512;256;0.2734329226075388;0.13832256255170183;leakyrelu;adam;128;0.8828
256;256;0.4003099999370532;0.17300824655856528;relu;rmsprop;128;0.8832
256;128;0.24076482802892907;0.09014375796785862;relu;adam;256;0.8948
256;128;0.2435413882254877;0.08881087215328418;relu;adam;256;0.8877
256;128;0.32153646529908547;0.05292842747081712;relu;adam;256;0.896
256;128;0.3255769515274185;0.032353104331849486;relu;adam;256;0.8821
256;128;0.42389330767958655;0.06070307394387723;relu;adam;256;0.8839
256;128;0.3490305380105853;0.004071148815461813;relu;adam;256;0.8883
256;128;0.31178653485909036;0.12015667473888365;relu;adam;256;0.8923
256;128;0.21038185501561224;0.07359817391012606;relu;adam;256;0.8837
256;128;0.36576442980188506;0.052176983654058956;relu;adam;256;0.8899
256;128;0.4473596687505126;0.19550003668964966;relu;adam;256;0.8907
256;256;0.29657802168653075;0.14667848185305282;relu;adam;128;0.8779
128;256;0.2614187687449369;0.020091124959802482;swish;sgd;64;0.8364
256;128;0.385592886617286;0.22387493088830612;relu;adam;256;0.8844
256;256;0.3459900385434925;0.042127408310206976;relu;adam;128;0.8919
512;512;0.22386246267756565;0.11053495360326174;leakyrelu;rmsprop;128;0.8701
256;256;0.32055579823082997;0.1304009710029785;relu;adam;256;0.8906
256;128;0.434068144347303;0.16940460023426496;swish;sgd;128;0.8377
128;256;0.28387424787488064;0.0967190058159478;relu;adam;64;0.8874
256;256;0.4057893594276557;0.24402452283285597;relu;adam;128;0.894
256;512;0.4769385015496153;0.2809609069927919;leakyrelu;adam;256;0.874
512;128;0.3801856712757869;0.0038982895604521978;relu;rmsprop;128;0.8874
256;256;0.35804424557849546;0.21351449845472759;relu;adam;128;0.8823
128;256;0.4200827686881634;0.02700424557761151;swish;sgd;256;0.8303
256;128;0.4607842700464993;0.08189509062222608;relu;adam;64;0.8832
256;256;0.17709564894090565;0.1379201441813695;relu;adam;128;0.8948
512;512;0.3903989380999848;0.07006832810217865;leakyrelu;rmsprop;128;0.8702
256;256;0.20855324073835668;0.1727617140802924;relu;adam;256;0.8847
256;128;0.334236620620544;0.10667695346139594;swish;sgd;128;0.8388
128;256;0.2923089798657229;0.14951401150825552;relu;adam;64;0.8748
256;256;0.4973334452356163;0.1935013311280055;relu;adam;128;0.8837
256;512;0.1542584575514031;0.05897357910007072;leakyrelu;adam;128;0.8712
512;128;0.27370575306361034;0.3216895688548165;relu;rmsprop;256;0.8815
256;256;0.30570035404358387;0.23314731491393947;relu;adam;128;0.8848
256;256;0.2506255793926403;0.041750224991434964;swish;sgd;64;0.8408
128;128;0.23172519202145148;0.26951324486348355;relu;adam;256;0.8853
256;256;0.43617083291231096;0.013011332492704336;relu;adam;128;0.8827
256;512;0.3744713976043747;0.12894286626587995;leakyrelu;adam;128;0.8755
512;128;0.31726766521980604;0.2904081177494986;relu;rmsprop;256;0.8837
256;256;0.26785055108507655;0.11712827095979206;relu;adam;128;0.887
256;256;0.33086014690928894;0.03258473615136955;swish;sgd;256;0.8353
128;128;0.36222648650450356;0.1539503439293447;relu;adam;64;0.8767
256;256;0.1494175390237395;0.09766493808997383;relu;adam;128;0.8886
256;512;0.11281627795237645;0.07099267544217969;leakyrelu;adam;256;0.8773
512;128;0.34543327353784703;0.2601142041896887;relu;rmsprop;128;0.8884
256;256;0.4107229094097662;0.16509710276660933;relu;adam;128;0.8895
256;128;0.4617804797279575;0.19751751498460046;relu;adam;256;0.8868
128;256;0.4877811173330174;0.18182727799885798;swish;sgd;64;0.837
256;256;0.18673542262491571;0.2213600914324162;relu;adam;128;0.8941
256;512;0.39825605014543486;0.3635381485239199;relu;adam;256;0.8886
512;128;0.3018088374872464;0.05252006102953052;leakyrelu;rmsprop;128;0.8762
256;256;0.3689507782090992;0.010041968823978203;relu;adam;128;0.8948
256;128;0.0011230049793451158;0.022907122914660412;relu;adam;256;0.8905
128;256;0.27763832394852817;0.08242540857737307;swish;sgd;64;0.8408
256;256;0.2514806122364283;0.14127222786911786;relu;adam;128;0.8919
256;128;0.35287910185492666;0.10561575178338937;relu;adam;256;0.8935
512;512;0.32493799567739007;0.09387799765949194;leakyrelu;rmsprop;128;0.8693
256;256;0.29117612639419066;0.12257828397079279;relu;adam;128;0.8865
256;128;0.20582667239033636;0.24871902252819728;relu;adam;256;0.8931
128;256;0.22236477000617255;0.17914668943813153;swish;sgd;64;0.8417
256;256;0.4531923444897444;0.3408002098991698;relu;adam;128;0.8832
256;128;0.4177979653552376;0.04675893614855581;relu;adam;256;0.8952
512;512;0.38691108275397695;0.06462144146403162;leakyrelu;rmsprop;128;0.8716
256;256;0.2607671167256694;0.07782153123973345;relu;adam;128;0.8939
256;128;0.1661897160556071;0.21070117719405154;relu;adam;256;0.889
128;256;0.2403089887335924;0.23751531625258965;swish;sgd;64;0.8392
256;256;0.14204091392094925;0.03789275497791794;relu;adam;128;0.8949
256;128;0.3359352373636904;0.16014473220558018;relu;adam;256;0.8833
512;512;0.31316919246382097;0.13570923061418314;leakyrelu;rmsprop;128;0.8741
256;256;0.3783059243152155;0.44802639549991086;relu;adam;128;0.8885
256;128;0.48131397978429175;0.002176822398497702;relu;adam;256;0.8872
128;256;0.42544441679336464;0.10718644419357848;swish;sgd;64;0.8426
256;256;0.40093756980602085;0.31793003739749165;relu;adam;128;0.8823
256;128;0.06551860355049755;0.05670217277625661;relu;adam;256;0.8944
512;512;0.437633851776994;0.0878796718171546;leakyrelu;rmsprop;128;0.8634
256;256;0.3560990031701668;0.026778299692094765;relu;adam;128;0.8847
256;128;0.20092086413562238;0.12401145911900877;relu;adam;256;0.8967
256;256;0.11266390840225092;0.40089211508132533;swish;sgd;64;0.8468
128;128;0.03531829291536884;0.19547257006270022;relu;adam;128;0.8874
256;256;0.0895025451349805;0.14725626097824224;relu;adam;256;0.8933
256;512;0.19488520315539684;0.21929621786241021;leakyrelu;adam;128;0.8763
512;256;0.12795019418219553;0.20239916705778493;relu;rmsprop;256;0.8892
256;128;0.20256224385577615;0.11850763109910528;relu;adam;256;0.8882
256;128;0.23361170900285594;0.18658712172293612;relu;adam;256;0.8967
256;128;0.23278151020051502;0.18535164414569716;relu;adam;256;0.8858
256;128;0.18506221551110155;0.17545962025430287;relu;adam;256;0.8923
256;128;0.16809746278536652;0.1585163180147717;relu;adam;256;0.8953
256;128;0.21439877631933432;0.27306406368492536;relu;adam;256;0.8896
256;128;0.24894922375469603;0.2917374849757967;relu;adam;256;0.8872
256;128;0.2663406296557307;0.13036192359816498;relu;adam;256;0.8905
256;128;0.1413955972662648;0.2516862840571304;relu;adam;256;0.8944
256;128;0.284180726393784;0.2347503625376241;relu;adam;256;0.8943
256;128;0.30338052526442927;0.16807514620247907;relu;adam;256;0.8973
256;128;0.2989888646398311;0.19012984626275428;relu;adam;256;0.8931
256;128;0.30672932627603405;0.16814644226832778;relu;adam;256;0.889
256;128;0.27528434946859986;0.22892397222441516;relu;adam;256;0.887
256;128;0.25541232002122405;0.11452967026875847;relu;adam;128;0.8933
256;256;0.3388744542378808;0.14902217108332982;relu;adam;256;0.8893
256;128;0.23396142854244398;0.2050191874351394;swish;sgd;128;0.8416
128;256;0.3262741431153623;0.13544329881532916;relu;adam;64;0.8897
256;128;0.34616294210400633;0.09908004114540897;relu;adam;256;0.8883
256;512;0.29096661072280666;0.06482058222017405;leakyrelu;adam;128;0.875
512;256;0.39296382488790627;0.07874529208546661;relu;rmsprop;128;0.889
256;128;0.3648133234897258;0.12728580201707596;relu;adam;256;0.8839
256;256;0.31449456046400176;0.30255289011356745;relu;adam;128;0.8923
128;128;0.2226016161154043;0.2130240153599936;swish;sgd;64;0.8389
256;256;0.10116011977715514;0.16198623590994254;relu;adam;256;0.895
256;512;0.37294766521929396;0.11068664119022537;relu;adam;128;0.8874
512;256;0.2429395721219691;0.25750170206939865;leakyrelu;rmsprop;256;0.87
256;128;0.2822782968895936;0.2661285983108816;relu;adam;128;0.8921
256;256;0.17609993068101792;0.09640707859200268;relu;adam;256;0.8949
256;128;0.41312010040136193;0.1382352287374645;swish;sgd;128;0.8373
128;256;0.30350529243060065;0.15181840533612945;relu;adam;64;0.8907
256;128;0.2698151393489704;0.17890328544593467;relu;adam;256;0.8878
256;512;0.3570785989077375;0.04582663932562198;relu;adam;128;0.8932
512;256;0.19810625968813814;0.06833275812490848;leakyrelu;rmsprop;256;0.8746
256;128;0.32931379046085213;0.28270777928936136;relu;adam;128;0.8809
256;256;0.3420291151653456;0.24094031423612777;relu;adam;256;0.8831
128;128;0.44392964027240256;0.22301387865246292;swish;sgd;128;0.8395
256;256;0.12121344604376763;0.08430085160067481;relu;adam;64;0.8753
256;128;0.21407562943370792;0.16879253496251706;relu;adam;256;0.8856
256;512;0.3872893229684391;0.12611720274229496;leakyrelu;adam;128;0.8763
512;256;0.26108689776979366;0.14486234868128461;relu;rmsprop;256;0.8839
256;128;0.29468313597504475;0.18758335751441257;relu;adam;128;0.8859
256;256;0.4705310671717743;0.3169292076256595;relu;adam;256;0.8781
256;128;0.3174837586407571;0.4818272585212733;swish;sgd;128;0.8369
128;256;0.25136913647656084;0.20109616699694818;relu;adam;64;0.8834
256;128;0.235088460096732;0.3535957896313732;relu;adam;256;0.8931
256;512;0.2790964470968613;0.2452859615456952;leakyrelu;adam;128;0.8713
512;256;0.055206059609534675;0.11813375347741786;relu;rmsprop;256;0.8982
512;256;0.010359120662775133;0.03389795430254161;relu;rmsprop;128;0.8849
512;256;0.06013465935366759;0.10512424994186555;relu;rmsprop;256;0.8954
512;256;0.0739555415797312;0.09171657057614191;swish;rmsprop;128;0.8622
512;256;0.04658656963704021;0.015066257312465983;relu;rmsprop;64;0.8723
512;256;0.3790117477931356;0.07239289577236593;relu;rmsprop;256;0.8872
512;256;0.4048042487979008;0.15648489727957926;relu;rmsprop;128;0.8783
512;256;0.34981822879161606;0.052491254768904705;leakyrelu;rmsprop;256;0.8677
512;256;0.42765079465003986;0.11569394828888133;relu;rmsprop;128;0.883
512;256;0.367023153319875;0.17651746640924432;relu;rmsprop;256;0.8875
512;256;0.3961972245059209;0.1381973053731399;swish;rmsprop;128;0.8942
512;256;0.4537132691859419;0.08140941249277658;relu;rmsprop;64;0.8683
512;256;0.33273949113549806;0.21779951044993842;relu;rmsprop;256;0.8855
512;256;0.09697949996065747;0.025142415397544263;relu;rmsprop;128;0.8873
512;256;0.3031873136291013;0.057436083773982294;leakyrelu;rmsprop;256;0.8624
512;256;0.02100860993920048;0.16664537904473148;relu;rmsprop;128;0.8792
512;256;0.2889761649217654;0.10891699081474401;relu;rmsprop;256;0.8903
128;256;0.41612284225851215;0.4978000396990035;swish;sgd;128;0.8352
512;256;0.32390416962846913;0.004329995047916119;relu;rmsprop;64;0.8687
512;256;0.04851147595182399;0.09438767065913273;relu;rmsprop;256;0.8836
128;512;0.4948656230433912;0.044067656732055066;relu;sgd;128;0.864
512;256;0.16233337928953204;0.19246201366768637;leakyrelu;rmsprop;256;0.8672
512;256;0.3541062310476232;0.12366304789843224;relu;sgd;128;0.8767
128;256;0.3128155351127871;0.15278946460165665;relu;rmsprop;256;0.8792
512;512;0.36433330591927077;0.46342154597458984;relu;rmsprop;128;0.8744
128;256;0.002001209830500575;0.20909226989108617;swish;sgd;64;0.853
512;256;0.38265919911682084;0.22817184585125536;relu;rmsprop;256;0.8461
256;256;0.2675754331255465;0.14558173307755737;relu;adam;128;0.8813
256;256;0.34444346094577394;0.42752394405896715;leakyrelu;adam;256;0.8763
256;512;0.4092520101190296;0.10119705997565419;relu;adam;128;0.8851
512;256;0.43749209395199173;0.07357812346049364;relu;rmsprop;256;0.8906
256;256;0.32163323439229635;0.036617280201137484;relu;adam;128;0.8727
128;256;0.1437844409618561;0.06254874960391804;swish;sgd;64;0.8547
256;256;0.33659696140230433;0.1740917409787054;relu;adam;256;0.8793
256;512;0.18814947629911272;0.12976745007187546;relu;adam;128;0.8903
512;256;0.296389720495343;0.08970470868040274;leakyrelu;rmsprop;256;0.8756
256;256;0.2252788689332867;0.00032253557074836403;relu;adam;128;0.8883
256;256;0.2464329374087746;0.11379620785422909;relu;adam;256;0.887
512;256;0.27555712531889726;0.1611929691247062;relu;rmsprop;128;0.8873
256;512;0.37046953428418344;0.19610686320060808;swish;sgd;64;0.8417
128;256;0.3058146531675311;0.02069016210250091;relu;adam;256;0.892
256;256;0.393434654544592;0.14136283844838965;relu;adam;128;0.8912
512;256;0.4220748501691316;0.2575580743147592;leakyrelu;rmsprop;256;0.8555
256;256;0.2570824292576831;0.2960411872176534;relu;adam;128;0.8915
256;256;0.463226823674335;0.20879259085049856;relu;adam;256;0.8898
512;256;0.35912762353480165;0.12002332000144034;relu;rmsprop;128;0.8861
256;512;0.48466257573245636;0.23543883735533813;swish;adam;64;0.8884
128;256;0.379770989385303;0.10046087344094057;relu;sgd;256;0.8562
256;128;0.027264456485173727;0.2747504661068188;relu;adam;128;0.8955
256;256;0.3330914202169607;0.08031021859862908;leakyrelu;rmsprop;256;0.8412
512;512;0.2138523944911953;0.18380231456396945;relu;adam;128;0.8945
256;256;0.2864474654500351;0.15489380485845547;relu;adam;256;0.888
256;128;0.154437569324766;0.13437063451375997;relu;rmsprop;128;0.8823
512;256;0.40473258118106575;0.07113984004359653;swish;adam;64;0.8825
128;128;0.3168121193885517;0.01216372779717989;relu;sgd;256;0.8531
256;256;0.07770310987726473;0.17068130368142512;relu;adam;128;0.8917
512;256;0.4711628194534122;0.04172995344230382;leakyrelu;rmsprop;256;0.8583
256;512;0.3490216485439528;0.05450594668971795;relu;adam;128;0.8853
256;128;0.4415801359744418;0.3104746100856739;relu;adam;256;0.8846
512;256;0.2650722364237127;0.08539499617730914;relu;rmsprop;128;0.8862
256;256;0.12504331445276196;0.19931377142800563;swish;adam;64;0.8952
128;128;0.1814121882864382;0.10824761877904267;relu;sgd;256;0.8603
256;256;0.29869718568456294;0.2166574532359267;relu;adam;128;0.8894
512;256;0.10663779856558134;0.34296926803294225;leakyrelu;rmsprop;256;0.8574
256;512;0.3882403560785311;0.06534800515606366;relu;adam;128;0.8888
256;128;0.13724598961749435;0.12258438526741978;relu;adam;256;0.8878
256;128;0.20255935823054397;0.13096249966248685;relu;adam;256;0.8859
256;128;0.33903071423887254;0.18379922074440624;relu;adam;256;0.8916
256;128;0.07071291620214487;0.1471854940317423;relu;adam;256;0.8909
256;128;0.013882481917694561;0.163809251358211;relu;adam;256;0.8954
256;128;0.04959870896697338;0.09623648686187933;relu;adam;256;0.8905
256;128;0.3076549825163958;0.11476492429828047;relu;adam;256;0.8963
256;128;0.09471004881387818;0.1380845898814652;relu;adam;256;0.8927
256;128;0.04137670935720428;0.03347822093008895;relu;adam;256;0.8911
256;128;0.08405312685774677;0.18483624949291633;relu;adam;256;0.8863
256;128;0.24142673820282262;0.2214959347472895;relu;adam;256;0.8857
256;128;0.11804288578591811;0.12205137387378118;relu;adam;256;0.8867
256;128;0.17474181947298487;0.07924818816911713;relu;adam;256;0.8891
256;128;0.27799101111297314;0.1047686598565518;relu;adam;256;0.8955
256;128;0.3224263077254419;0.15420462471350582;relu;adam;256;0.8908
256;128;0.3663770100560738;0.053722193241140956;relu;adam;256;0.8888
256;128;0.2257569177688957;0.08900229911894594;relu;adam;256;0.8949
256;128;0.2881833574899402;0.17389027516598515;relu;adam;256;0.8939
256;128;0.37718084480652914;0.24746243862703973;relu;adam;256;0.8905
256;128;0.2549583771389795;0.12993080169787793;relu;adam;256;0.8947
256;256;0.3574403651274628;0.06254417091940083;relu;adam;128;0.8937
512;128;0.05697740010052835;0.145937818852915;relu;rmsprop;256;0.8693
256;256;0.19549291083849538;0.11266987451974127;swish;adam;64;0.8802
128;256;0.3278783979190975;0.19450473918430733;relu;sgd;256;0.8555
256;128;0.03123478088741819;0.3792189281483687;relu;adam;128;0.8934
512;256;0.3145688975711183;0.2625185669426942;leakyrelu;rmsprop;256;0.86
256;512;0.43058149661257905;0.23073690546645942;relu;adam;128;0.8869
256;128;0.40169982523453074;0.28620364661028963;relu;adam;256;0.8859
512;256;0.16532073799016522;0.09414279315274507;relu;rmsprop;128;0.8899
256;256;0.27180901473751856;0.1647520203376938;swish;adam;256;0.874
256;128;0.342760700380794;0.20142360581345217;relu;sgd;64;0.8685
128;256;0.0008329798417653217;0.0745836457463282;relu;adam;128;0.8943
256;128;0.15536867365300225;0.15584263236782364;relu;adam;256;0.892
512;256;0.29412721421701293;0.046133212363270115;leakyrelu;rmsprop;128;0.8588
256;512;0.45028765857180264;0.24059432922218071;relu;adam;256;0.8884
256;256;0.35076413956319447;0.1385487169121509;relu;adam;128;0.8923
512;128;0.21944986844263298;0.12292070669731506;relu;rmsprop;256;0.8702
256;256;0.41521224085983033;0.20812506591126967;swish;adam;64;0.8844
128;128;0.2589669668835022;0.030993456841074102;relu;adam;256;0.8798
256;256;0.24065961456039747;0.1773000040458225;relu;sgd;128;0.878
256;256;0.3048346535316161;0.19220141867701968;relu;rmsprop;256;0.8778
512;128;0.10278538858631685;0.10583453451412493;leakyrelu;adam;128;0.8846
256;512;0.3737401902509075;0.21727144300707477;relu;adam;256;0.8877
256;256;0.390515228269836;0.08444561156553365;relu;adam;128;0.8876
512;128;0.33435287007283426;0.18539178061078532;relu;rmsprop;256;0.8869
256;256;0.2076043198782247;0.020552118213219506;swish;adam;64;0.8947
128;128;0.1341163389930767;0.06556221076031526;relu;sgd;256;0.8565
256;256;0.232114445855716;0.16536794366529106;relu;adam;128;0.8877
256;256;0.28169318675620536;0.2718182767568059;relu;rmsprop;256;0.8884
512;128;0.3583193104320441;0.1474046378569863;leakyrelu;adam;128;0.8706
256;512;0.32003867596604424;0.22736864578189206;relu;adam;256;0.8897
256;256;0.2687292863879752;0.2505307536500974;relu;adam;128;0.8878
512;128;0.017938948082576178;0.11539122157475044;relu;rmsprop;256;0.8861
256;256;0.31108037537863636;0.20397094603607663;swish;adam;64;0.8816
256;128;0.3672947076431005;0.17580803567859435;relu;sgd;256;0.8387
128;256;0.24909038069495873;0.16013232527867474;relu;adam;128;0.8777
256;256;0.05929357776396535;0.008501062937115375;relu;rmsprop;256;0.8566
512;128;0.29768850276031744;0.19071483496250105;leakyrelu;adam;128;0.8721
256;512;0.3415640388677012;0.33274587924073196;relu;adam;256;0.8843
256;256;0.39741301652847844;0.1390925527380092;relu;adam;128;0.8871
512;128;0.2862119369339092;0.1327088270999082;relu;rmsprop;256;0.8795
256;256;0.38639178688018183;0.21404354661127076;swish;adam;64;0.8844
256;128;0.3324558725965671;0.24080219401640202;relu;sgd;256;0.8586
128;256;0.4181201845961616;0.10334683254458289;relu;adam;128;0.886
256;256;0.3515871967386254;0.15392827290254718;relu;adam;256;0.8837
512;128;0.14646394434814522;0.04053963230385532;leakyrelu;rmsprop;128;0.8694
256;512;0.18453399868709605;0.09138660437415694;relu;adam;256;0.889
256;256;0.08239962923895004;0.05748515405491216;relu;adam;128;0.8933
512;128;0.1737155399327848;0.06886414594974609;relu;rmsprop;256;0.8777
256;256;0.3271879815765774;0.16996792120433907;swish;adam;64;0.8795
256;128;0.49857307643221577;0.25536748810335747;relu;sgd;256;0.8569
128;256;0.21604140228936466;0.1181110873365401;relu;adam;128;0.8905
256;256;0.27338706790297895;0.08201340385013381;relu;adam;256;0.8934
512;128;0.42717872117308814;0.10157573865845676;leakyrelu;rmsprop;128;0.8777
256;512;0.1150543371145887;0.05127469311088559;relu;adam;256;0.8859
256;256;0.2620602584263456;0.18297147301273745;relu;adam;128;0.8899
512;128;0.19725189434745047;0.02287003288186143;relu;rmsprop;256;0.8821
256;256;0.45863033392143443;0.23227775330698214;swish;adam;64;0.8774
256;128;0.40780498935381826;0.12748212534221331;relu;sgd;256;0.8521
128;256;0.30490420555724623;0.15060470469038462;relu;adam;128;0.8926
256;256;0.366366352386962;0.19892817489294912;relu;adam;256;0.8847
512;128;0.37579632078475034;0.22293538200418253;leakyrelu;rmsprop;128;0.8699
256;512;0.09214470429556022;0.07958139533031877;relu;adam;256;0.8945
256;256;0.2912298212779019;0.09013734765178094;relu;adam;128;0.8855
512;128;0.12733580682257684;0.11056650969172312;relu;rmsprop;256;0.8721
256;256;0.2461747088905692;0.1412210212276102;swish;adam;64;0.8777
256;128;0.2353644907023449;0.2795413071451663;relu;sgd;256;0.8512
128;256;0.007859255453364508;0.13113116096395824;relu;adam;128;0.8926
256;256;0.31808110272074047;0.26313443789423124;relu;adam;256;0.8924
512;128;0.036579278238926385;0.09947758727870916;leakyrelu;rmsprop;128;0.8773
256;512;0.15839934843177178;0.03558565368539468;relu;adam;256;0.8835
256;256;0.34566295234504485;0.12158214849183993;relu;adam;128;0.8913
512;128;0.28019224850096835;0.16435936885816568;relu;rmsprop;256;0.8738
256;256;0.44293901753807374;0.30588983878627474;swish;adam;256;0.8747
256;128;0.2042824263935967;0.002840239948069173;relu;sgd;64;0.8843
128;256;0.32681293393575844;0.07031464794352438;relu;adam;128;0.8819
256;256;0.2254812632228961;0.05739858943016635;relu;adam;256;0.8918
512;128;0.35792997115392367;0.1774344967817289;leakyrelu;rmsprop;128;0.8655
256;512;0.39628767073333204;0.20739968322965593;relu;adam;256;0.8945
256;256;0.30936070732516935;0.1585248707509772;relu;adam;128;0.8852
512;128;0.3828119440289948;0.19025104212050542;relu;rmsprop;256;0.8898
256;256;0.29635115445623256;0.11325813473151172;swish;adam;256;0.8815
256;128;0.2561667000728283;0.07619989469625436;relu;sgd;64;0.8738
128;256;0.34396844676177224;0.4064136450951462;relu;adam;128;0.8848
256;256;0.26985036617857766;0.14297153921321087;relu;adam;256;0.8885
512;128;0.026018227852263542;0.04807038895523187;leakyrelu;rmsprop;128;0.8796
256;512;0.47906711915303213;0.21397233549447844;relu;adam;256;0.8877
256;256;0.4056416237505899;0.17920200425330704;relu;adam;128;0.8816
512;128;0.3330816671060906;0.23868738932550287;relu;rmsprop;256;0.8563
256;256;0.18744983286410533;0.030865669405657395;swish;adam;256;0.879
256;128;0.42494736797004795;0.17159694560395178;relu;sgd;64;0.8808
128;256;0.37480584504132886;0.19249048950105796;relu;adam;128;0.8838
256;256;0.10503350522243687;0.08981896932266374;relu;adam;256;0.893
512;128;0.31697197334912436;0.1518996220474949;leakyrelu;rmsprop;128;0.8695
256;512;0.28519533130152536;0.1312252381160522;relu;adam;256;0.8938
256;256;0.3511459871071044;0.20113779838113233;relu;adam;128;0.8822
512;128;0.07306273791682887;0.10726594122161684;relu;rmsprop;256;0.8756
256;256;0.21708837097686345;0.06377013923129271;relu;adam;256;0.8974
256;256;0.43382141723137013;0.015690839315572608;swish;adam;64;0.885
128;256;0.3625160809301051;0.020823936679621555;relu;sgd;128;0.8679
256;256;0.29981990498407607;0.0007025594801644136;relu;adam;256;0.8952
512;256;0.2456115351186517;0.039697620974843195;relu;rmsprop;256;0.8823
256;256;0.33753536366027925;0.06732626250956504;leakyrelu;adam;128;0.87
256;256;0.25830977136869526;0.04644001526879196;relu;adam;256;0.892
256;256;0.2127717079788165;0.056108523529245016;relu;adam;128;0.8941
512;256;0.3064671329769546;0.09579792119372432;relu;rmsprop;256;0.8397
256;256;0.3913187109844445;0.02936989467185528;swish;adam;64;0.8694
256;256;0.2769961713673902;0.07856633334691235;relu;sgd;128;0.8796
128;256;0.2329763360630359;0.010362434832907538;relu;adam;256;0.8834
512;256;0.3229230642773676;0.06028732060801442;relu;rmsprop;256;0.8736
256;256;0.36406504041423204;0.08706647428726262;leakyrelu;adam;128;0.8784
256;256;0.17237067262356906;0.0009336093438747639;relu;adam;256;0.8867
256;256;0.4667505937916283;0.10474685675964543;relu;adam;128;0.8869
512;256;0.4125793241777144;0.044257200943456046;relu;rmsprop;256;0.8803
256;256;0.38387939098873836;0.11826588652923102;swish;adam;64;0.8799
256;256;0.1508029802159233;0.07098283136577056;relu;sgd;128;0.8675
128;256;0.1347184643475523;0.13458208717355905;relu;adam;256;0.8903
512;256;0.05554076094954606;0.12263351857029056;relu;rmsprop;256;0.8638
256;256;0.2911472861001889;0.028504369041744568;leakyrelu;adam;128;0.886
256;256;0.4492996552612901;0.09741155727828933;relu;adam;256;0.8893
256;256;0.2673585439894386;0.0644241312896101;relu;adam;128;0.8874
512;256;0.22376488805882797;0.015556990786101003;relu;rmsprop;256;0.8773
256;256;0.32965477728586595;0.08041750568522263;swish;adam;64;0.8893
256;256;0.315464908221601;0.11062519965785385;relu;sgd;128;0.8777
256;128;0.19378319932770607;0.14487999940344878;relu;adam;256;0.8864
256;128;0.2121826270278789;0.08814878190990463;relu;adam;256;0.8914
256;256;0.16495565365263365;0.16040322769192744;relu;adam;256;0.8941
256;512;0.237793520890877;0.16988930532524582;relu;adam;256;0.891
256;256;0.2534074867888167;0.13974944614614684;relu;adam;256;0.8881
256;128;0.245421866126185;0.15430024015291044;relu;adam;256;0.888
256;256;0.19198636441611114;0.12534358132188017;relu;adam;256;0.8935
256;256;0.177624854799632;0.099869979098733;relu;adam;256;0.8939
256;128;0.22764301828905686;0.18490194887127254;relu;adam;256;0.8925
256;256;0.2837180117338396;0.22656548202266558;relu;adam;256;0.8879
256;128;0.269789853428358;0.2059179310139393;relu;adam;256;0.8878
256;256;0.1598762165724829;0.11630436513308286;relu;adam;256;0.896
256;512;0.18160336561795903;0.07014798552073015;relu;adam;256;0.8941
256;256;0.30122516314898573;0.1463101086847124;relu;adam;256;0.8847
256;128;0.20771590950734437;0.05763711284705282;relu;adam;256;0.8913
256;256;0.20215965707441413;0.13005514321106515;relu;adam;256;0.8954
256;128;0.08882795287588133;0.050104386627533734;relu;adam;256;0.8918
256;256;0.1385019653400242;0.09274414036346712;relu;adam;256;0.8903
256;256;0.1213574558963787;0.10803421708268271;relu;adam;256;0.8899
256;128;0.14553882500266113;0.1264850285658015;relu;adam;256;0.8937
256;256;0.26280786709767484;0.16845956179026236;relu;adam;256;0.894
256;512;0.3475377451562968;0.180702643297397;relu;adam;256;0.8931
256;128;0.27763222411338473;0.15169985276713566;relu;adam;256;0.8929
256;256;0.3096457216393913;0.19472155657041523;relu;adam;256;0.8949
256;256;0.21704308248010604;0.07555052185909189;relu;adam;256;0.8968
256;256;0.34059655390736154;0.03946450276522642;relu;adam;256;0.8898
128;256;0.22149615969416403;0.07709549108641917;relu;adam;256;0.876
256;256;0.290472695462941;0.039745552460447295;relu;adam;256;0.8915
512;256;0.23891301685845556;0.06367675372142675;leakyrelu;rmsprop;128;0.8673
256;256;0.32026523980377075;0.024338132068740276;relu;adam;256;0.8899
256;256;0.2507082084981475;0.05260473267883389;relu;adam;128;0.8901
512;256;0.3705365449661927;0.012177945425659725;relu;rmsprop;256;0.8903
256;256;0.3551075652278421;0.07786151902414837;relu;adam;256;0.8884
256;256;0.2186367253674944;0.0883571001504059;swish;adam;64;0.8793
256;256;0.16625611644563287;0.10252551534352472;relu;sgd;128;0.8773
128;256;0.2976631006129856;0.026426356290169678;relu;adam;256;0.892
512;256;0.33581828132721864;0.0355813875554055;relu;rmsprop;128;0.8871
256;256;0.2654453142702307;0.07230334881891959;leakyrelu;adam;256;0.881
256;256;0.11242445000441556;0.11471569371967118;relu;adam;256;0.8757
256;256;0.19293288977888484;0.0012468938121560497;relu;adam;128;0.8855
512;256;0.37771042877791844;0.04709569611814607;relu;rmsprop;256;0.8887
256;256;0.27977165808336263;0.4296299482527925;relu;adam;256;0.8861
256;256;0.39852455294201516;0.08542431885220389;swish;adam;64;0.8872
128;256;0.30749104228883545;0.09845661500791;relu;sgd;128;0.8716
256;256;0.23461337069740135;0.13443757311086796;relu;adam;256;0.8848
512;256;0.254553753269166;0.060970180935133275;relu;rmsprop;128;0.8826
256;256;0.33042181697725015;0.10974480411368183;leakyrelu;adam;256;0.8713
256;256;0.18001860525909433;0.09553409926208734;relu;adam;256;0.895
256;256;0.3569358460309168;0.05120873311569683;relu;adam;128;0.8953
512;256;0.20832075955758042;0.08168019722656855;relu;rmsprop;256;0.8911
256;256;0.06358550334351407;0.12079439276059586;swish;adam;64;0.8887
256;256;0.2852143300826522;0.06477452476360318;relu;adam;128;0.8839
128;256;0.3224426737113277;0.14085589006773236;relu;sgd;256;0.8643
256;512;0.3488149925093883;0.0335176940599862;relu;adam;256;0.8897
512;256;0.0007598536779972326;0.010233045769989069;relu;rmsprop;128;0.8855
256;256;0.29620879958062263;0.0199594258820565;leakyrelu;adam;256;0.8809
256;256;0.15111667055088202;0.16312311965570292;relu;adam;256;0.8943
256;256;0.36827257814489367;0.10413804668707993;relu;adam;128;0.8888
512;256;0.2424771437371349;0.07408735997152593;relu;rmsprop;256;0.876
256;256;0.31505476264006826;0.08737800084216925;relu;adam;128;0.8809
256;512;0.04000167071055666;0.12621883453465976;swish;adam;256;0.8754
128;256;0.23014808587941266;0.11519763576994169;relu;sgd;64;0.873
256;256;0.12663742107708398;0.0009020005203025788;relu;adam;256;0.8756
512;256;0.4164073315743616;0.1378484568969865;relu;rmsprop;128;0.8775
256;256;0.38486557672144345;0.043580269690140415;leakyrelu;adam;256;0.8816
256;256;0.26276976220879716;0.05722291655625296;relu;adam;256;0.8969
256;256;0.27328661894191264;0.05441409707280273;relu;adam;128;0.8915
512;512;0.3030201376611917;0.026152560371293078;relu;rmsprop;256;0.8876
256;256;0.33725791830191365;0.06295957993891561;relu;adam;256;0.8842
256;256;0.2596116871046413;0.36692157191075603;swish;adam;128;0.8799
256;256;0.2892107968634474;0.09086086062268965;relu;adam;64;0.8803
128;256;0.3113068459346088;0.015489984113770026;relu;sgd;256;0.8549
512;256;0.3420499265682705;0.035564438121817046;relu;rmsprop;128;0.8897
256;256;0.3260331392256604;0.15145590108385643;leakyrelu;adam;256;0.8789
256;512;0.3621791877539211;0.09821299637940892;relu;adam;256;0.8882
256;256;0.393096691313821;0.0494857275014543;relu;adam;128;0.8842
512;256;0.27769090561956244;0.11908368637631564;relu;rmsprop;256;0.8782
256;256;0.29431338693805387;0.1609167334991954;relu;adam;256;0.8925
256;256;0.4051271383051145;0.06691500268722761;swish;adam;128;0.88
256;256;0.2510068351190453;0.13405052190432853;relu;sgd;64;0.8772
128;256;0.26755594660277365;0.328493660717322;relu;adam;256;0.8834
512;512;0.3267497860501651;0.10962861100147193;relu;rmsprop;128;0.8815
256;256;0.3531264166689545;0.08316623442688838;leakyrelu;adam;256;0.8772
256;256;0.3719153384202827;0.009431245912861597;relu;adam;256;0.8899
256;256;0.30739398889115616;0.1719477968585711;relu;adam;128;0.8899
512;256;0.34086340330536097;0.05681941992694764;relu;rmsprop;256;0.885
256;256;0.379510173829809;0.033254004599106976;relu;adam;256;0.8854
256;256;0.4303678871138885;0.14950275795648452;swish;adam;128;0.8656
256;512;0.2606925079903517;0.09732279932281948;relu;sgd;64;0.8805
128;256;0.281709562189911;0.07519186943707397;relu;adam;256;0.8824
512;256;0.3154044110245365;0.2974477522392447;relu;rmsprop;128;0.8794
256;256;0.2982968325321634;0.12741993146831365;leakyrelu;adam;256;0.8765
256;256;0.34820758007261104;0.35298261491374;relu;adam;256;0.8738
256;256;0.32583576741992615;0.14212689398268213;relu;adam;128;0.8844
512;256;0.245272370635783;0.04337094965291331;relu;rmsprop;256;0.8874
256;512;0.35823545387245465;0.0011238283611551964;relu;adam;256;0.8823
256;256;0.33593567542559427;0.01902970362611263;swish;adam;128;0.8854
256;256;0.28722498019666237;0.11412815984467739;relu;sgd;256;0.8615
128;256;0.07731055967314143;0.10334300580796973;relu;adam;64;0.8908
512;256;0.391605661633163;0.0631221296312716;relu;rmsprop;128;0.879
256;256;0.42034797876113533;0.1587572150251069;leakyrelu;adam;256;0.8727
256;256;0.3182549885482984;0.08146823259780478;relu;adam;256;0.8941
256;512;0.018788554373656285;0.091874186589958;relu;adam;128;0.8916
512;256;0.23065421986548917;0.17454115832420533;relu;rmsprop;256;0.8797
256;256;0.4395469134005687;0.04714924271043569;relu;adam;256;0.8894
256;256;0.26577493601949637;0.12040079590570685;swish;adam;128;0.8771
256;256;0.3039015923409234;0.02763039695405589;relu;sgd;64;0.8686
128;256;0.203277428454883;0.07100145157498021;relu;adam;256;0.8886
512;256;0.2753588707758412;0.25068319091385277;relu;rmsprop;128;0.8827
256;512;0.4082490060595908;0.21345976687345775;leakyrelu;adam;256;0.8642
256;256;0.2514664665762247;0.14414042905371083;relu;adam;256;0.8891
256;256;0.366809284631772;0.10699500890794003;relu;adam;128;0.8896
512;256;0.04680975841588393;0.1292695486287403;relu;rmsprop;256;0.887
256;256;0.2384685779360802;0.1846560826555757;relu;adam;256;0.8825
256;256;0.2910827472556333;0.0559977862131232;swish;adam;128;0.8866
256;256;0.3455135403253822;0.19581928330309564;relu;sgd;64;0.882
128;512;0.3820597324661401;0.08626126828899386;relu;adam;256;0.8858
512;256;0.09811959090446672;0.4662694018350054;relu;rmsprop;128;0.8838
256;256;0.31530884712224466;0.036118620611053684;leakyrelu;adam;256;0.8769
256;256;0.21990683212447312;0.1379330154604296;relu;adam;256;0.8984
256;256;0.16691458328533496;0.2208133306984011;relu;adam;128;0.896
512;256;0.11418029840341276;0.16532756731791995;relu;rmsprop;256;0.8837
256;256;0.13739182947392464;0.20548144314146244;relu;adam;256;0.8897
256;512;0.18389165989645342;0.18081254948664785;swish;adam;128;0.8864
256;128;0.15155483985981744;0.23249915488270767;relu;sgd;64;0.8757
128;256;0.19136935610989095;0.15314349068643815;relu;adam;256;0.8937
512;256;0.22487526305445119;0.16931681149305325;relu;rmsprop;128;0.8818
256;256;0.20513327960485753;0.14389029687477;relu;adam;256;0.8927
256;128;0.21926325187487516;0.1905170184389008;leakyrelu;adam;256;0.882
256;256;0.45877478971436964;0.3835969422574209;relu;adam;128;0.8902
512;256;0.028754582256962223;0.13143969910270253;relu;rmsprop;256;0.8816
256;256;0.1729093567126257;0.15593218538671844;relu;adam;256;0.8865
256;128;0.06586944080649057;0.17756278532875366;swish;adam;128;0.8831
256;256;0.19396553266296152;0.13811739056879174;relu;sgd;64;0.8664
128;512;0.0865571504952409;0.12118889704103555;relu;adam;256;0.8905
512;256;0.21228397491008982;0.20054380269003874;relu;rmsprop;128;0.8747
256;256;0.35936149068695744;0.1625647854357702;relu;adam;256;0.8951
256;128;0.49161673525340543;0.28287387297189986;leakyrelu;adam;256;0.8765
256;256;0.1617022462814735;0.24167251161842612;relu;adam;128;0.8981
256;256;0.1617475774299598;0.3111794725502324;relu;adam;128;0.8838
512;256;0.12794848496799763;0.2743378159598763;relu;rmsprop;256;0.888
256;256;0.13806590174668;0.2687175240308881;relu;adam;256;0.8954
256;128;0.10384609128952696;0.24472138629786355;swish;adam;128;0.8838
256;512;0.17819218075892307;0.2593164949528631;relu;sgd;64;0.8722
128;256;0.12000483189494611;0.32372946543547043;relu;adam;256;0.881
512;256;0.16113706835487165;0.22433867747237604;relu;rmsprop;256;0.8825
256;256;0.18698168011032945;0.2361682163956619;relu;adam;128;0.8863
256;128;0.16868160454360684;0.2568805941264933;leakyrelu;adam;256;0.8757
256;256;0.15009312995558716;0.2943765024424706;relu;adam;128;0.8943
512;256;0.20276861896568038;0.21907770720374975;relu;rmsprop;256;0.8779
256;256;0.05469458848753633;0.21000644121978423;relu;adam;256;0.8928
256;128;0.19438499851878568;0.24409766091566695;swish;adam;128;0.8959
256;512;0.09618585263130955;0.3114753082172669;relu;sgd;64;0.8788
128;256;0.2193957899047452;0.34406868228459375;relu;adam;256;0.8906
512;256;0.06737835075779866;0.28402273564908487;relu;rmsprop;256;0.8651
256;256;0.1833572352522131;0.37366095677553496;relu;adam;128;0.8815
256;128;0.2327445141503276;0.22791391945745784;leakyrelu;adam;256;0.8678
256;256;0.14746324995708088;0.26748644702841107;relu;adam;128;0.8896
512;256;0.10645936277428591;0.19826995250683674;relu;rmsprop;256;0.8858
256;256;0.13155695913697846;0.18672623487426226;relu;adam;256;0.895
256;128;0.010215602277484005;0.30261085384153885;swish;adam;128;0.8878
256;512;0.1754162428465164;0.2078548412029766;relu;adam;64;0.8833
128;256;0.2102480109498809;0.22002068918982404;relu;sgd;256;0.8626
512;256;0.19980265308150663;0.17625727014498452;relu;rmsprop;256;0.8896
256;256;0.15752533041934122;0.24990358665173357;relu;adam;128;0.8951
256;128;0.04183761697378477;0.2399379424421173;leakyrelu;adam;256;0.8816
256;256;0.23673188302421982;0.35661953117045936;relu;adam;128;0.8883
512;256;0.0806406276319948;0.4471675988788549;relu;rmsprop;256;0.887
256;256;0.13882556185264497;0.39573339961967297;relu;adam;256;0.892
256;128;0.22756160580576856;0.1978000767185859;swish;adam;128;0.8839
256;512;0.11678550324467607;0.2764872760896272;relu;sgd;64;0.8784
128;256;0.24816599498209077;0.1629496162409744;relu;adam;256;0.8889
512;256;0.1713325202488214;0.18656777697536725;relu;rmsprop;256;0.8799
256;256;0.21181803487076636;0.33502476129369574;relu;adam;128;0.8922
256;128;0.19019615389556532;0.21392823479416417;leakyrelu;adam;256;0.8733
256;256;0.24173341546488175;0.14853940094002419;relu;adam;128;0.8931
256;256;0.26025589012199135;0.13460956380043299;relu;adam;128;0.8894
256;256;0.27106296202219965;0.12225904111929092;relu;adam;128;0.8823
256;256;0.24715261360942783;0.10655086549098305;relu;adam;128;0.8768
256;256;0.22782777089004758;0.14636765648566524;relu;adam;128;0.8849
256;256;0.25564791261621445;0.09667684982848941;relu;adam;128;0.8935
256;256;0.19805763125185483;0.13125707503030515;relu;adam;128;0.8823
256;256;0.002042747768647296;0.1707991260548039;relu;adam;128;0.8861
256;256;0.21486469560280763;0.11639323131768371;relu;adam;128;0.8875
256;256;0.2781602873543161;0.1072912144412842;relu;adam;128;0.8946
256;256;0.2214968943399208;0.29000698304595107;relu;adam;128;0.8947
256;256;0.329320396050648;0.16018685019217913;relu;adam;128;0.8927
256;256;0.29900830288032965;0.13661979319576195;relu;adam;128;0.8813
256;256;0.2877860622254551;0.09880257897923508;relu;adam;128;0.8909
256;256;0.18640483445877445;0.15503507883223214;relu;adam;128;0.8986
256;256;0.18162061365700083;0.17978782900807833;relu;adam;128;0.8933
256;256;0.12547467801581721;0.18932815058382513;relu;adam;128;0.8975
256;256;0.12462815969116509;0.22843549982679692;relu;adam;128;0.8889
256;256;0.15661665509683834;0.19202512137783476;relu;adam;128;0.8908
256;256;0.1401432422849161;0.21717987334430044;relu;adam;128;0.8859
256;256;0.1452449093159285;0.19887264236296479;relu;adam;128;0.8889
256;256;0.08459735979161113;0.26108495294172934;relu;adam;128;0.8844
256;256;0.10905942954656499;0.20874564588499434;relu;adam;128;0.8918
256;256;0.09304059063957855;0.18737206958160074;relu;adam;128;0.8989
256;256;0.09380356550598415;0.25316040673342244;relu;adam;128;0.883
256;256;0.059176209247911074;0.20296458758655433;relu;adam;128;0.8974
256;256;0.06684769558389783;0.23045930286253044;relu;adam;128;0.8827
256;256;0.10429851847442248;0.18764779873180826;relu;adam;128;0.8922
256;256;0.09308234300272317;0.17548840123843107;relu;adam;128;0.8814
256;256;0.032542315266413435;0.23789160016448804;relu;adam;128;0.8913
256;256;0.11996533750320999;0.24562906008519397;relu;adam;128;0.886
256;256;0.12965608406672038;0.2142250043962569;relu;adam;128;0.8906
256;256;0.07540717959828998;0.22366586933144839;relu;adam;128;0.8924
256;256;0.073037412554812;0.1682098368829596;relu;adam;128;0.8891
256;256;0.11548231005634492;0.1920957953359052;relu;adam;128;0.8867
512;256;0.050472597606185804;0.1576231443906644;relu;rmsprop;128;0.8913
256;256;0.08421890238306212;0.2652791737745638;relu;adam;128;0.8912
256;256;0.05750027114373809;0.23615929799240232;relu;adam;128;0.9021
256;256;0.012952717985917454;0.2854864472634702;relu;adam;128;0.8906
256;256;0.020640593819085104;0.23726349336387856;swish;adam;128;0.8813
128;256;0.03944125601957718;0.2756316590304776;relu;sgd;128;0.8659
256;256;0.047666489089973604;0.24336097807839704;relu;rmsprop;128;0.8837
512;256;0.06933312928097995;0.2533951758592574;relu;adam;128;0.8973
256;256;0.10113411677102538;0.20656500249209103;leakyrelu;adam;128;0.8828
256;256;0.05599795995594247;0.3008243797569131;relu;adam;128;0.8904
256;256;0.09368953779296521;0.26961477423836133;relu;adam;128;0.8938
512;256;0.06218078686794446;0.261387670150459;relu;rmsprop;128;0.8846
256;256;0.08558925528786816;0.23129815539154158;relu;adam;128;0.8855
256;256;0.10960856712398848;0.2924577590055898;swish;adam;128;0.8738
256;256;0.021153714440806735;0.21461901426333838;relu;sgd;128;0.8662
128;256;0.03588052988196233;0.24989410397801204;relu;adam;128;0.8885
512;256;0.12255439233784761;0.22448753730917878;relu;rmsprop;128;0.8797
256;256;0.02825377809095666;0.20100361406203215;relu;adam;128;0.8929
256;256;0.07768021259290603;0.23569162483745743;leakyrelu;adam;128;0.8783
256;256;0.10184476429792885;0.18761307112297923;relu;adam;128;0.8909
256;256;0.1295350957352919;0.22284646148115633;relu;adam;128;0.894
512;256;0.1445579355007433;0.2786723413705153;relu;rmsprop;128;0.8791
256;256;0.11202285995295436;0.20511287247419857;relu;adam;128;0.8883
256;256;0.05426668067249711;0.18280357084509274;swish;adam;128;0.8904
256;256;0.08886023235584506;0.31458596971970276;relu;sgd;128;0.8729
128;256;0.07347902496801026;0.25812649285351386;relu;adam;128;0.8935
512;256;0.1559892227800882;0.17763846891601653;relu;rmsprop;128;0.8733
256;256;0.16467452126344717;0.24738766968789272;relu;adam;128;0.8929
256;256;0.001560967658351127;0.21115511019929978;leakyrelu;adam;128;0.8817
256;256;0.13580641074045177;0.32196736876207577;relu;adam;128;0.8953
256;256;0.04880766472367734;0.1949879368272748;relu;adam;128;0.8944
512;256;0.09734967958644382;0.23187770255539236;relu;rmsprop;128;0.8881
256;256;0.0386797763002557;0.26496972617827946;relu;adam;128;0.8957
256;256;0.06315293361321309;0.1742360812882903;relu;adam;128;0.897
256;512;0.07988061532088954;0.21889327310938408;swish;sgd;128;0.8374
128;256;0.14934220374810264;0.16632677591374148;relu;adam;128;0.8949
512;256;0.1305676401600974;0.28662963034280514;relu;rmsprop;128;0.8866
256;256;0.013917077850319738;0.15321887939227424;relu;adam;128;0.8918
256;256;0.11578411193365232;0.19204418156474812;leakyrelu;adam;128;0.8783
256;256;0.17099751494555993;0.2417570911987102;relu;adam;128;0.8846
256;256;0.028069181746149502;0.27379783604440544;relu;adam;128;0.8875
512;256;0.10013637356871007;0.20299518873839126;relu;rmsprop;128;0.8596
256;256;0.0862160711871417;0.18049946007216805;relu;adam;128;0.8908
256;512;0.14158207110351495;0.3055320863906734;swish;adam;128;0.8778
256;256;0.07083576679816755;0.23059351818447882;relu;sgd;128;0.869
128;256;0.1248550235750886;0.2140733028571301;relu;adam;128;0.8898
512;256;0.04373151779817165;0.15466302128510967;relu;rmsprop;128;0.8769
256;256;0.15138804548797236;0.4859137943288065;relu;adam;128;0.8953
256;256;0.05886271382608326;0.25438289743209197;leakyrelu;adam;128;0.8768
256;256;0.11060191067943653;0.1593406172861319;relu;adam;128;0.8882
256;256;0.09173077185270426;0.19489363336543258;relu;adam;128;0.8909
512;256;0.17411557466978853;0.1692160163905136;relu;rmsprop;128;0.891
256;512;0.16070798852755871;0.1845526593577457;relu;adam;128;0.8819
256;256;0.13082956741003401;0.239403613031331;relu;adam;128;0.8864
256;256;0.07660747707477453;0.14647824815713778;swish;sgd;128;0.8436
128;256;0.10663601699773505;0.20943736140548552;relu;adam;128;0.8939
512;256;0.11825544818030488;0.223205819212933;relu;rmsprop;128;0.8757
256;256;0.03331317356090964;0.1697197961410325;relu;adam;128;0.8938
256;256;0.18229838505587231;0.29347001056131855;leakyrelu;adam;128;0.8804
256;256;0.0506021797167745;0.2677449451769112;relu;adam;128;0.8967
256;256;0.003914629155104175;0.20202724157811205;relu;adam;128;0.8905
512;512;0.13856602802704437;0.24761183039915952;relu;rmsprop;128;0.8604
256;256;0.15806829824712762;0.19040915299254693;relu;adam;64;0.896
256;256;0.06529012939538033;0.14035621903481493;relu;adam;128;0.8845
256;256;0.09323349220875395;0.23108769250790123;swish;sgd;128;0.835
128;256;0.16764570790553263;0.2192086870108836;relu;adam;128;0.8912
512;256;0.02166558290733059;0.34448061602779423;relu;rmsprop;128;0.8875
256;256;0.12313415503485799;0.180672579290291;relu;adam;128;0.8946
256;256;0.14647356153852525;0.1595196151060403;leakyrelu;adam;128;0.8775
256;256;0.08055942528320187;0.2804059119147645;relu;adam;128;0.8895
256;512;0.18128272189160274;0.2542986090846404;relu;adam;64;0.8914
512;256;0.10303118558083611;0.1438746833207496;relu;rmsprop;128;0.8551
256;256;0.1330856159315677;0.2090162670761068;relu;adam;128;0.8878
256;256;0.11236781993077291;0.1994469955620819;relu;adam;128;0.8858
256;256;0.04368703729651714;0.1766591977564048;swish;adam;128;0.8823
128;256;0.010619450541692638;0.15373981977858397;relu;sgd;64;0.8632
512;256;0.1954164838281515;0.1649676828943502;relu;rmsprop;128;0.8847
256;256;0.06857870869277283;0.23821977196469935;relu;adam;128;0.898
256;256;0.02535952379923937;0.29480975698208245;leakyrelu;adam;128;0.8823
256;512;0.05733727355509974;0.32768577999071363;relu;adam;128;0.8941
256;256;0.00018966475473892325;0.2636541963551708;relu;adam;128;0.8855
512;256;0.04664110779651603;0.27172732890316686;relu;rmsprop;128;0.8778
256;256;0.03330884512158224;0.27650806014598933;relu;adam;64;0.8863
256;256;0.014053922459303578;0.29958036969187707;relu;adam;128;0.8943
256;256;0.0657674290527732;0.3199725443485414;swish;adam;128;0.8713
128;256;0.05288515081059983;0.3123145657490926;relu;sgd;128;0.871
256;256;0.03766588459191196;0.2863390110064047;relu;rmsprop;128;0.8766
512;256;0.07165884050365712;0.24473075092079724;relu;adam;128;0.8935
256;512;0.018675484967335648;0.2567940517512341;leakyrelu;adam;128;0.8686
256;256;0.08222529358015018;0.2450588085831464;relu;adam;64;0.8972
256;256;0.08839957399149852;0.23666175395506986;relu;adam;128;0.8915
512;256;0.033103564998590004;0.22965685462605384;relu;rmsprop;128;0.8874
256;256;0.055486048274891675;0.21963010076495249;relu;adam;128;0.8999
256;256;0.04512863089243567;0.21703731161400058;relu;adam;128;0.8824
256;256;0.0017701284523071736;0.22080445012050628;swish;adam;128;0.8849
256;256;0.02211388496871984;0.26223915050053714;relu;sgd;128;0.8726
128;256;0.06054979511710306;0.20075139171115897;relu;rmsprop;64;0.8822
512;512;0.02964872919854772;0.22677994327990578;relu;adam;128;0.8944
256;256;0.05346155853864108;0.21159424853331446;relu;adam;128;0.8758
256;256;0.09218272747313147;0.18480715636928002;leakyrelu;adam;128;0.8695
256;256;0.0015750865886622611;0.13244229239900035;relu;adam;128;0.8926
512;256;0.07273409732496566;0.17024345496434876;relu;rmsprop;128;0.8679
256;256;0.08033579858682999;0.2507505657395097;relu;adam;128;0.8841
256;256;0.039611091045892576;0.18929782093152306;relu;adam;128;0.898
256;256;0.00782751114377344;0.15238679847704312;swish;adam;64;0.8922
256;256;0.10022291654010089;0.14139942537927316;relu;sgd;128;0.8655
128;512;0.2023359514429189;0.19668044341062454;relu;rmsprop;128;0.8836
512;256;0.010284250158942763;0.2706727023807934;relu;adam;128;0.896
256;256;0.06230326343183222;0.28416927755822347;relu;adam;128;0.8899
256;256;0.18653201218214885;0.23307772413718197;leakyrelu;adam;128;0.8783
256;256;0.15645076517807854;0.4167435891383936;relu;adam;128;0.8948
512;256;0.024335993301317214;0.12496893952810248;relu;rmsprop;64;0.8776
256;256;0.10654389638883782;0.30333676633658735;relu;adam;128;0.8933
256;256;0.041102572472479865;0.2089308949519948;relu;adam;128;0.8926
256;256;0.17413495189685493;0.16576768091110106;swish;adam;128;0.88
256;512;0.05798624264932375;0.253664394753744;relu;adam;128;0.8909
128;256;0.08806095582797799;0.17720643214284365;relu;sgd;128;0.8694
512;256;0.14534895846420426;0.2149698536814513;relu;rmsprop;128;0.8889
256;256;0.11744129404796147;0.22326895684414705;relu;adam;64;0.8927
256;256;0.07803985399427907;0.20236719964008887;leakyrelu;adam;128;0.8801
256;256;0.19520305711475905;0.13444122385117693;relu;adam;128;0.8924
512;256;0.015869221476586162;0.14720098479701849;relu;rmsprop;128;0.8889
256;256;0.16627821056424652;0.26321640210598174;relu;adam;128;0.8867
256;256;0.05315898285901413;0.18338304370946085;relu;adam;128;0.8943
256;512;0.07099168076952148;0.24209661417870423;swish;adam;128;0.8647
256;256;0.10020613132192782;0.17286017192234393;relu;sgd;128;0.8624
128;256;0.03090871079338878;0.15410838619424477;relu;adam;64;0.8944
512;256;0.20389033261734643;0.2268893062425711;relu;rmsprop;128;0.8813
256;256;0.04987457842203708;0.12591757438865508;relu;adam;128;0.8947
256;256;0.13508608482839798;0.3341955600711196;leakyrelu;adam;128;0.8797
256;256;0.10908212894354473;0.19389346169088953;relu;adam;128;0.8907
512;256;0.19073029437186642;0.2789120944867764;relu;rmsprop;128;0.8832
256;256;0.12155933199274674;0.1593077598450106;relu;adam;64;0.8956
256;256;0.09415567607485542;0.11306437242543327;relu;adam;128;0.8943
256;256;0.1521968286722047;0.20398903268419094;swish;adam;128;0.8787
256;512;0.065126089651797;0.24045331832025704;relu;sgd;128;0.8545
128;256;0.08116548257862043;0.2582662569651981;relu;adam;128;0.886
512;256;0.2114178140455216;0.21815835754257856;relu;rmsprop;128;0.8723
256;256;0.039381748350683435;0.2944479764178662;relu;adam;128;0.8957
256;256;0.16740262483809054;0.14201427191652163;leakyrelu;adam;64;0.8789
256;256;0.1802706924437382;0.17683792562307696;relu;adam;128;0.8807
512;256;0.11280579118621323;0.16120203003942757;relu;rmsprop;128;0.8808
256;512;0.02125731032112632;0.1915386678201117;relu;adam;128;0.8924
256;256;0.14073296385603837;0.24971837958915696;relu;adam;128;0.8904
256;256;0.0436682670484963;0.2360242521093176;swish;adam;128;0.8774
256;256;0.15542992185893192;0.2698518670985575;relu;sgd;128;0.8605
512;256;0.08806101054016464;0.12115674098968945;relu;adam;64;0.8891
128;256;0.09790218441142906;0.21033513536081072;relu;rmsprop;128;0.875
256;256;0.029398583307541453;0.18408269254959667;relu;adam;128;0.8949
256;256;0.12538106335034166;0.17036852482444845;leakyrelu;adam;128;0.8834
256;256;0.18817834305593895;0.14972370348984665;relu;adam;128;0.8933
512;512;0.07033984070635418;0.3107816844053735;relu;rmsprop;128;0.8782
256;256;0.05946209470117735;0.13166863579345167;relu;adam;128;0.8919
256;256;0.0006045323133437586;0.1974492490040791;relu;adam;64;0.8898
256;256;0.009477332751150577;0.23090790453908597;swish;adam;128;0.8751
256;256;0.20460059154789378;0.2157985161260948;relu;sgd;128;0.8754
512;256;0.1334853180701414;0.2894744401633663;relu;adam;128;0.8905
128;256;0.17567655194767945;0.11498997952097986;relu;rmsprop;128;0.8829
256;256;0.16350529586380683;0.14159838681315304;relu;adam;128;0.8932
256;256;0.21957502919841948;0.1647022495708991;leakyrelu;adam;128;0.873
256;512;0.04996401356579606;0.20545325886686489;relu;adam;64;0.8835
512;256;0.07676174362372103;0.18308778265874295;relu;rmsprop;128;0.8903
256;256;0.14558867617523186;0.2246215924145112;relu;adam;128;0.8945
256;256;0.10255640676567825;0.2634951023539501;relu;adam;128;0.881
256;256;0.08583540608920025;0.25046714500600975;swish;adam;128;0.8774
256;256;0.1183727319158628;0.15087949924000624;relu;sgd;128;0.8789
512;256;0.03702125000906196;0.28084368282435757;relu;adam;128;0.8966
128;256;0.018573232788239746;0.3202532225199814;relu;rmsprop;64;0.8709
256;256;0.06079334145985627;0.19490693812625537;relu;adam;128;0.8912
256;512;0.2276365137375473;0.12725399829317396;leakyrelu;adam;128;0.8753
256;256;0.20075774420810835;0.4951048030558379;relu;adam;128;0.8798
512;256;0.10863286073772971;0.1729515099171397;relu;rmsprop;128;0.8683
256;256;0.13330369519527113;0.2410336792883102;relu;adam;128;0.8819
256;256;0.1885464482588346;0.34677126933772917;relu;adam;128;0.8945
256;256;0.04774736007055694;0.23246451650018848;relu;adam;128;0.8889
256;256;0.06483522283457004;0.24188124069001826;relu;adam;128;0.8928
256;256;0.07170842619487972;0.2216981679107215;relu;adam;128;0.8919
256;256;0.03193981814063088;0.19144593669242846;relu;adam;128;0.8747
256;256;4.183729012739723e-05;0.18337086409668724;relu;adam;128;0.8942
256;256;0.05488294558532182;0.2609864524772142;relu;adam;128;0.8936
256;256;0.04160471265423759;0.2052163134429035;relu;adam;128;0.8892
256;256;0.07890206933903723;0.2683424097660721;relu;adam;128;0.8869
256;256;0.027087793820455484;0.16312052860947868;relu;adam;128;0.8982
256;256;0.012397690980259304;0.15860757157552324;relu;adam;128;0.8959
256;256;0.030183024649661064;0.1461277287375632;relu;adam;128;0.8961
256;256;0.0004482900347949903;0.13534482570128295;relu;adam;128;0.8789
256;256;0.02652623629991693;0.16885516768887063;relu;adam;128;0.8947
256;256;0.015587161652585155;0.11303596073869165;relu;adam;128;0.887
256;256;0.010326204655762908;0.1635075795271238;relu;adam;128;0.8886
256;256;0.048361969083470624;0.12434367988745555;relu;adam;128;0.8951
256;256;0.02033179850507917;0.1523623074821257;relu;adam;128;0.8963
256;256;0.05864277586452737;0.13914288296530025;relu;adam;128;0.8865
256;256;0.03988422921841729;0.1812995430173049;relu;adam;128;0.882
256;256;0.023872684467436248;0.10422287376350758;relu;adam;128;0.8912
256;256;0.0003860212438603662;0.13258840567362037;relu;adam;128;0.8902
256;256;0.09221696869307916;0.1717064252019617;relu;adam;128;0.8906
256;256;0.07115993482712352;0.21131326328819072;relu;adam;128;0.8943
256;256;0.03666796885211131;0.19497835948667258;relu;adam;128;0.8879
256;256;8.72062176338062e-06;0.1453556215601575;relu;adam;128;0.8893
256;256;0.05387023763059165;0.1626684706851103;relu;adam;128;0.8921
256;256;0.06222009941673524;0.11670323582920457;relu;adam;128;0.8893
256;256;0.08739102386371594;0.17749976996286132;relu;adam;128;0.8947
256;256;0.07909638742792689;0.18992475797391378;relu;adam;128;0.8823
256;256;0.04805445420780247;0.15488578938451691;relu;adam;128;0.892
256;256;0.024394467538178793;0.20011699062090335;relu;adam;128;0.8897
256;256;0.20943560757799237;0.13427873060857545;relu;adam;128;0.8843
256;256;0.009751304545259007;0.22234890592822412;relu;adam;128;0.8894
256;256;0.10203675886985758;0.20854906334500642;relu;adam;128;0.8956
256;256;0.03972607858833076;0.17682506177038546;relu;adam;128;0.8936
256;256;0.07441498811777691;0.12431894216867354;relu;adam;128;0.8982
256;256;0.03244070315159964;0.1270625617811287;relu;adam;128;0.8826
256;256;0.06578805671096202;0.09832584856390095;relu;adam;128;0.8931
256;256;0.05062777636691393;0.1130460639638286;relu;adam;128;0.8952
256;256;0.07626696724197451;0.09457405550705289;relu;adam;128;0.8828
256;256;0.017483493342326982;0.0901934122094755;relu;adam;64;0.8917
256;256;0.06566314507715844;0.11880254145471364;swish;sgd;128;0.8386
512;256;0.0540704846611115;0.12216171717611823;relu;adam;128;0.8962
128;256;0.0913644992137512;0.142181153534;relu;rmsprop;128;0.8942
